date,open,high,low,close,volume,average,barCount
2021-01-04,31.33,33.65,29.93,30.73,11938200.0,31.8744,4033
2021-01-05,30.67,32.53,30.29,32.53,5671800.0,31.81366666666667,1951
2021-01-06,31.09,34.16,30.67,32.93,12180405.0,33.02893333333333,4723
2021-01-07,33.14,36.26,33.14,36.0,7300140.0,34.91826666666667,2425
2021-01-08,36.5,37.94,34.63,35.94,8932155.0,36.40313333333333,3259
2021-01-11,35.53,37.87,34.67,37.6,6389700.0,36.92273333333333,2051
2021-01-12,37.79,38.76,36.71,37.78,6779325.0,37.7866,2488
2021-01-13,37.34,38.93,37.25,38.03,4566180.0,38.09013333333333,1630
2021-01-14,38.67,41.61,38.15,40.43,7202430.0,40.584,2774
2021-01-15,40.2,40.67,37.11,37.8,8866875.0,38.2822,3538
2021-01-19,39.35,42.13,39.07,42.13,8715300.0,40.60406666666667,3620
2021-01-20,42.67,43.52,40.95,41.67,6915900.0,42.11033333333333,2741
2021-01-21,41.18,43.52,41.07,42.71,7259865.0,42.1078,3086
2021-01-22,42.2,42.48,40.71,41.0,7811490.0,41.44506666666667,3051
2021-01-25,41.54,42.14,38.63,40.73,8078190.0,40.61346666666667,3074
2021-01-26,40.87,41.07,38.87,39.0,4561560.0,39.83086666666667,1796
2021-01-27,38.0,38.07,32.54,32.73,12948450.0,34.68393333333333,5457
2021-01-28,32.64,36.58,32.64,35.67,9300660.0,35.386,4358
2021-01-29,34.9,35.82,32.9,33.36,9272880.0,34.1096,3771
2021-02-01,34.0,37.53,34.0,37.33,8738910.0,36.1654,3842
2021-02-02,38.47,39.16,37.47,39.15,6480135.0,38.37326666666667,2796
2021-02-03,39.42,39.93,35.67,36.33,8104545.0,37.83146666666667,3612
2021-02-04,36.22,37.67,35.53,37.4,4932570.0,36.58853333333333,1943
2021-02-05,37.54,38.33,36.59,36.8,5239170.0,37.0244,2086
2021-02-08,37.4,40.13,37.13,40.1,11497050.0,39.0428,5561
2021-02-09,40.13,40.54,39.04,39.73,5426070.0,39.8264,2322
2021-02-10,40.13,41.31,38.38,39.83,9854040.0,39.97513333333333,4074
2021-02-11,40.36,44.27,40.36,44.27,13312905.0,42.81453333333333,5898
2021-02-12,43.93,46.01,43.0,45.77,10569540.0,45.09946666666667,4194
2021-02-16,46.41,48.0,45.81,46.33,8564025.0,46.87853333333333,3818
2021-02-17,46.33,47.0,42.14,44.17,11580405.0,43.76393333333333,4979
2021-02-18,42.28,43.27,41.02,43.2,9778920.0,42.25853333333333,4351
2021-02-19,44.0,46.52,44.0,45.9,14293395.0,45.51786666666667,7276
2021-02-22,43.8,44.94,40.18,40.93,13906515.0,42.45666666666667,6304
2021-02-23,40.0,40.74,35.07,40.27,15287445.0,38.0016,6051
2021-02-24,39.98,44.53,38.07,43.6,10080330.0,41.13293333333333,3753
2021-02-25,42.73,43.01,35.2,35.73,20503005.0,38.84293333333333,8392
2021-02-26,36.73,39.7,35.01,38.27,18481920.0,38.2436,8460
2021-03-01,603.02,643.87,589.98,641.23,1006467.0,620.233,7438
2021-03-02,41.8,43.2,38.45,39.47,17256957.0,40.172,97118
2021-03-03,39.75,40.5,34.26,34.8,18619116.0,36.81,96158
2021-03-04,35.32,35.69,28.44,28.6,29549988.0,31.502,135605
2021-03-05,30.02,33.35,27.73,33.35,27490578.0,30.714,98474
2021-03-08,31.15,32.98,27.5,28.3,25806029.0,30.106,107420
2021-03-09,28.72,33.08,28.72,32.61,18311722.0,31.619,65579
2021-03-10,32.79,34.5,30.62,30.72,18088146.0,32.191,76177
2021-03-11,32.47,35.35,32.47,35.23,17395211.0,34.174,79976
2021-03-12,33.2,33.94,31.05,33.79,15511405.0,32.748,74643
2021-03-15,33.1,35.9,32.71,35.48,14053252.0,34.362,69161
2021-03-16,36.14,38.59,35.62,36.92,25130774.0,37.615,122659
2021-03-17,36.9,39.15,34.51,38.99,19767803.0,36.899,88740
2021-03-18,37.65,38.19,33.45,33.92,23179448.0,35.505,102439
2021-03-19,35.0,35.66,32.38,34.58,18541640.0,34.319,68108
2021-03-22,35.0,38.2,34.78,37.08,21270188.0,37.057,108230
2021-03-23,37.08,37.86,33.51,34.95,23502856.0,35.209,119550
2021-03-24,34.95,36.3,32.53,32.72,22997059.0,34.602,126059
2021-03-25,32.99,33.7,30.1,33.19,26786737.0,31.714,132507
2021-03-26,33.5,37.74,31.9,37.24,32020976.0,35.258,153845
2021-03-29,37.1,37.5,34.5,35.87,25496387.0,35.738,129268
2021-03-30,35.0,35.78,34.28,35.6,16010398.0,35.05,85435
2021-03-31,35.4,38.98,35.22,38.6,22908198.0,37.988,108142
2021-04-01,39.38,42.47,39.21,42.47,24998645.0,41.361,116357
2021-04-05,42.41,45.35,42.03,45.13,23520745.0,44.403,109612
2021-04-06,44.58,44.97,42.07,43.64,16083038.0,43.785,61544
2021-04-07,43.7,44.15,42.34,43.65,11099556.0,43.285,42921
2021-04-08,44.15,45.2,43.6,45.2,11541861.0,44.296,44373
2021-04-09,44.69,44.88,43.13,44.28,9083838.0,43.998,36050
2021-04-12,44.7,44.7,41.8,43.05,13672011.0,42.75,49308
2021-04-13,43.3,44.13,41.57,42.51,12759533.0,42.459,46984
2021-04-14,42.51,43.47,40.63,41.39,11603774.0,42.051,48222
2021-04-15,41.87,43.66,41.56,43.23,12449888.0,42.845,50802
2021-04-16,43.2,43.79,42.48,42.67,9055045.0,42.956,37055
2021-04-19,42.85,43.23,38.25,39.95,18261673.0,39.664,74857
2021-04-20,39.92,40.0,37.03,37.24,12479474.0,37.922,46678
2021-04-21,37.51,40.77,37.3,40.3,14098113.0,39.263,56120
2021-04-22,40.35,40.85,37.27,38.1,19002134.0,38.794,73235
2021-04-23,38.22,40.57,38.06,39.95,12216427.0,39.797,49654
2021-04-26,40.15,42.5,39.12,42.5,12426725.0,41.718,48499
2021-04-27,42.49,43.02,40.95,41.29,11646584.0,41.635,45726
2021-04-28,41.3,41.3,39.31,40.16,11391867.0,39.852,47888
2021-04-29,40.42,41.22,38.48,39.28,13377601.0,39.778,53729
2021-04-30,39.5,39.5,36.56,37.12,17139827.0,37.652,72733
2021-05-03,38.37,38.37,35.07,35.58,12345738.0,36.066,48987
2021-05-04,35.2,35.5,32.0,34.07,21343391.0,33.025,85360
2021-05-05,34.07,35.79,33.0,34.34,14404162.0,34.911,54036
2021-05-06,34.75,35.6,33.16,35.59,13742695.0,34.337,58669
2021-05-07,35.85,37.55,35.51,36.8,15226213.0,36.798,62700
2021-05-10,36.56,36.56,31.5,31.85,22380765.0,33.361,84443
2021-05-11,30.79,32.31,28.61,31.95,27394978.0,30.78,102579
2021-05-12,31.9,32.3,27.81,28.58,29529336.0,28.901,116055
2021-05-13,28.0,30.5,27.21,29.48,23187516.0,29.479,82515
2021-05-14,29.7,32.68,29.58,32.3,20394950.0,31.288,75011
2021-05-17,31.8,31.8,29.43,31.28,17654344.0,30.388,75779
2021-05-18,31.5,32.7,30.01,30.01,13770177.0,31.396,55287
2021-05-19,29.27,32.17,28.22,31.65,25874422.0,30.477,120141
2021-05-20,32.0,34.98,31.2,34.8,26676482.0,34.105,95581
2021-05-21,35.0,35.47,33.81,34.12,22460437.0,34.445,89550
2021-05-24,34.56,37.14,34.55,36.89,20144074.0,36.351,68636
2021-05-25,37.13,37.75,36.24,37.35,18008405.0,37.008,75335
2021-05-26,37.31,37.68,36.18,37.1,12494413.0,36.895,49064
2021-05-27,36.8,38.26,36.17,38.14,15240599.0,37.717,58861
2021-05-28,38.1,39.27,37.88,38.76,14650922.0,38.798,56564
2021-06-01,38.88,40.54,37.74,38.03,16116344.0,38.749,69546
2021-06-02,38.04,39.58,37.7,39.28,11210642.0,38.976,44715
2021-06-03,38.85,39.07,36.51,36.79,15353738.0,37.451,66797
2021-06-04,37.12,39.99,36.88,39.79,14527958.0,39.373,59906
2021-06-07,39.05,39.8,38.15,39.26,10416362.0,38.807,48514
2021-06-08,38.91,39.97,37.3,38.15,12126746.0,38.451,50819
2021-06-09,38.39,38.89,37.3,37.41,10858609.0,37.984,35647
2021-06-10,37.55,39.37,36.88,39.02,16425989.0,38.662,54896
2021-06-11,39.2,39.6,38.57,39.53,7208557.0,39.098,32261
2021-06-14,39.61,41.28,39.05,41.07,16939016.0,40.365,64383
2021-06-15,41.3,41.6,39.74,40.18,12080132.0,40.613,51848
2021-06-16,40.08,40.89,38.07,38.59,15072179.0,39.417,66726
2021-06-17,38.59,41.17,38.17,40.53,16589296.0,40.135,70658
2021-06-18,40.38,40.77,36.75,37.24,18620790.0,38.057,84496
2021-06-21,37.51,38.25,36.59,38.19,11455114.0,37.618,51493
2021-06-22,37.47,38.83,37.4,38.55,9608536.0,38.207,36742
2021-06-23,38.7,39.63,38.48,39.09,7848611.0,39.223,33260
2021-06-24,39.15,41.23,39.15,40.97,11618212.0,40.749,44341
2021-06-25,41.04,41.69,40.29,40.68,8468305.0,41.128,33148
2021-06-28,40.98,44.08,40.9,43.38,16478975.0,43.124,62565
2021-06-29,43.65,44.72,42.88,44.6,11861175.0,43.987,49779
2021-06-30,44.73,44.8,43.67,44.45,8817069.0,44.145,41361
2021-07-01,44.83,44.88,42.13,42.6,10421947.0,43.049,45447
2021-07-02,42.6,43.79,42.25,43.2,9991663.0,43.111,43403
2021-07-06,43.2,44.14,41.36,42.85,9028273.0,42.828,41177
2021-07-07,43.3,43.91,40.69,41.2,9518184.0,41.794,42331
2021-07-08,39.92,40.38,37.76,39.61,13325549.0,39.135,61175
2021-07-09,40.18,41.94,39.25,41.7,8955919.0,41.013,39294
2021-07-12,41.65,43.5,41.14,43.25,8196863.0,42.602,34408
2021-07-13,43.39,43.71,42.1,42.55,8432983.0,42.79,36776
2021-07-14,42.62,44.79,41.86,42.35,13891151.0,43.367,57796
2021-07-15,42.2,42.88,38.55,38.85,13473400.0,39.917,59304
2021-07-16,39.42,40.45,36.59,36.96,12896006.0,38.129,52406
2021-07-19,36.9,37.5,34.71,37.37,15091853.0,35.949,70831
2021-07-20,37.55,39.08,35.85,38.52,11319480.0,37.804,46032
2021-07-21,38.77,41.85,38.33,41.09,11368438.0,40.582,45283
2021-07-22,41.5,41.62,39.9,41.05,7352626.0,40.655,30179
2021-07-23,41.11,41.61,39.95,41.23,7797249.0,40.985,35959
2021-07-26,41.53,41.79,39.85,41.26,6946208.0,41.154,28375
2021-07-27,40.6,41.38,36.71,38.69,15878326.0,38.324,63743
2021-07-28,38.97,41.5,38.7,40.8,11487379.0,40.563,45647
2021-07-29,41.37,43.69,40.95,41.87,13312818.0,42.942,57805
2021-07-30,41.87,44.5,41.5,44.3,11984736.0,43.735,48641
2021-08-02,45.0,46.89,44.5,45.17,14743059.0,45.97,62969
2021-08-03,45.84,45.98,43.61,45.54,9218190.0,45.115,41302
2021-08-04,45.97,48.15,45.6,47.45,12215814.0,47.385,50657
2021-08-05,47.71,48.35,46.44,47.05,7337006.0,47.203,33363
2021-08-06,47.17,47.27,46.0,46.32,5254901.0,46.8,25267
2021-08-09,46.58,47.27,45.54,46.28,5345256.0,46.344,24560
2021-08-10,46.38,46.57,43.5,44.35,8999621.0,44.643,37231
2021-08-11,44.29,45.2,42.42,43.75,8816292.0,43.702,37413
2021-08-12,43.75,44.14,41.56,42.72,8499391.0,42.501,34539
2021-08-13,42.62,43.6,42.28,43.2,6768991.0,43.12,27768
2021-08-16,43.05,43.43,41.93,43.03,5787825.0,42.614,24224
2021-08-17,42.34,42.5,39.34,40.2,11850013.0,40.396,51117
2021-08-18,40.46,41.09,38.44,39.2,9256337.0,39.908,38438
2021-08-19,38.58,40.26,37.14,39.4,13033878.0,38.914,47728
2021-08-20,39.0,40.75,38.9,40.51,9463721.0,39.937,31349
2021-08-23,40.82,43.9,40.72,43.9,10843312.0,42.908,38486
2021-08-24,44.04,44.44,43.35,43.6,7272418.0,43.815,28631
2021-08-25,44.31,45.65,43.75,44.78,8679991.0,44.973,34432
2021-08-26,44.64,45.33,43.7,44.36,8010065.0,44.573,35329
2021-08-27,45.02,47.5,44.69,47.1,10456179.0,46.617,43927
2021-08-30,47.1,49.0,47.05,47.57,8809388.0,48.03,37320
2021-08-31,48.38,48.58,45.37,46.51,8254996.0,46.445,35627
2021-09-01,47.0,47.4,45.57,45.75,6313031.0,46.545,25270
2021-09-02,45.85,46.72,45.7,46.27,6272956.0,46.171,23614
2021-09-03,46.48,47.85,45.96,47.31,6420246.0,47.286,24398
2021-09-07,47.6,47.78,45.92,46.6,4805367.0,46.662,21231
2021-09-08,46.22,46.38,43.76,44.74,10207829.0,44.752,40402
2021-09-09,44.6,46.26,44.26,45.55,7424191.0,45.667,29742
2021-09-10,45.89,48.63,45.89,46.45,12058920.0,47.682,50617
2021-09-13,47.14,48.17,45.92,47.75,9933426.0,47.127,38961
2021-09-14,46.91,48.97,46.85,47.9,8602715.0,48.094,33497
2021-09-15,48.0,48.8,46.76,48.8,8048912.0,47.777,31134
2021-09-16,48.43,49.53,47.02,48.88,7898828.0,48.221,32847
2021-09-17,48.96,48.96,45.97,46.38,11551940.0,46.822,45211
2021-09-20,45.58,45.58,41.16,43.35,16488298.0,42.652,61303
2021-09-21,44.35,44.75,42.35,43.16,8844738.0,43.696,32080
2021-09-22,44.15,46.62,43.81,46.62,9523600.0,45.554,36374
2021-09-23,47.1,48.55,46.42,48.3,9934690.0,48.005,39659
2021-09-24,47.25,48.23,46.68,47.93,6315907.0,47.596,25114
2021-09-27,47.95,48.19,45.56,47.31,8871578.0,47.218,32276
2021-09-28,46.17,46.17,41.95,42.34,19281569.0,43.356,89456
2021-09-29,43.49,43.69,39.78,40.8,16333765.0,40.972,67952
2021-09-30,41.0,41.95,40.0,40.47,12127845.0,40.942,48019
2021-10-01,39.85,40.76,38.06,40.07,13332322.0,39.313,56782
2021-10-04,39.35,39.68,36.57,37.21,16175779.0,37.269,74619
2021-10-05,37.05,39.39,37.0,38.57,13058515.0,38.554,50047
2021-10-06,37.38,39.75,36.39,39.69,13779056.0,38.047,52579
2021-10-07,40.13,42.03,40.13,40.7,11396749.0,41.209,43325
2021-10-08,40.46,41.51,39.08,39.34,8544593.0,39.723,35978
2021-10-11,38.5,40.39,38.16,38.29,8221853.0,39.529,31603
2021-10-12,38.26,39.41,36.5,36.85,16870236.0,37.422,68669
2021-10-13,37.05,38.3,37.05,38.08,9956293.0,37.776,37968
2021-10-14,38.63,41.5,38.61,41.39,13185533.0,40.3,44471
2021-10-15,41.38,42.29,41.3,41.85,9659642.0,41.768,34110
2021-10-18,41.37,42.97,40.44,42.95,7336815.0,41.994,27187
2021-10-19,43.08,44.51,42.63,44.42,10036576.0,43.808,39786
2021-10-20,44.16,44.73,43.29,43.4,8647069.0,44.2,33510
2021-10-21,43.52,45.72,43.16,44.58,8624857.0,44.578,34667
2021-10-22,44.6,46.23,43.77,43.95,10577154.0,44.953,44980
2021-10-25,44.41,45.67,44.01,45.35,8362136.0,45.048,33506
2021-10-26,45.68,46.45,44.2,44.54,10202411.0,45.623,42401
2021-10-27,44.85,45.61,43.56,44.49,11085549.0,44.791,47284
2021-10-28,44.41,47.16,44.41,46.42,13445371.0,46.617,60222
2021-10-29,46.33,47.65,45.62,47.54,10792024.0,47.105,41629
2021-11-01,48.0,49.96,47.45,49.65,11674319.0,48.874,50741
2021-11-02,49.53,51.82,49.14,51.6,10096933.0,51.13,41545
2021-11-03,51.5,54.54,51.42,54.5,9414937.0,52.592,36129
2021-11-04,54.19,59.83,54.19,58.88,16836247.0,57.366,68374
2021-11-05,58.88,62.4,58.88,60.7,15252601.0,61.013,65987
2021-11-08,60.79,64.71,60.78,63.75,12522014.0,63.165,53075
2021-11-09,63.84,65.66,61.41,62.25,13178855.0,63.25,55832
2021-11-10,62.3,63.06,57.06,58.83,14164904.0,59.608,66423
2021-11-11,59.0,63.09,58.91,62.73,10705859.0,60.938,47460
2021-11-12,63.14,64.25,61.05,63.4,10510268.0,62.974,46308
2021-11-15,63.83,64.95,61.26,62.91,9380770.0,63.103,43842
2021-11-16,62.88,66.5,62.01,66.42,9749410.0,64.713,42788
2021-11-17,66.4,66.79,63.69,65.84,8909972.0,64.893,41369
2021-11-18,66.16,68.9,66.03,67.37,11496842.0,67.446,51440
2021-11-19,67.85,69.87,66.87,68.89,10955287.0,68.528,51531
2021-11-22,69.1,72.49,65.0,65.8,13612382.0,69.208,59915
2021-11-23,64.0,66.61,61.35,64.75,13380483.0,63.631,57487
2021-11-24,64.7,67.2,61.21,67.2,12449688.0,64.486,55597
2021-11-26,64.68,64.98,59.85,61.49,11759213.0,61.987,47182
2021-11-29,63.15,69.24,62.95,69.06,15422243.0,66.035,55184
2021-11-30,67.9,69.34,62.89,65.31,18301733.0,65.519,76762
2021-12-01,66.52,70.96,63.03,64.59,20437169.0,68.316,88384
2021-12-02,64.0,65.2,59.68,63.81,17606196.0,62.658,72506
2021-12-03,62.95,67.95,60.7,63.0,15585308.0,62.86,65830
2021-12-06,63.43,63.88,56.78,63.2,11134174.0,60.302,49499
2021-12-07,65.23,72.68,65.23,72.65,17707578.0,70.327,81252
2021-12-08,73.0,73.35,68.49,70.15,10373325.0,70.227,45985
2021-12-09,70.12,71.59,65.66,67.3,12049882.0,68.441,52175
2021-12-10,66.93,70.45,65.17,67.4,10145532.0,67.298,42490
2021-12-13,67.8,68.82,62.0,62.69,10847589.0,64.611,50114
2021-12-14,63.14,63.29,58.94,61.56,10691978.0,60.446,49276
2021-12-15,61.53,68.68,59.24,68.48,15900471.0,62.879,67434
2021-12-16,69.98,69.98,58.02,59.2,22147721.0,62.078,98171
2021-12-17,59.34,61.58,56.86,59.66,14701997.0,59.301,74725
2021-12-20,56.45,59.98,54.8,59.62,12537504.0,56.934,68949
2021-12-21,60.0,63.69,58.77,62.83,16991497.0,61.309,84073
2021-12-22,61.95,65.53,61.61,65.35,10806166.0,63.828,50470
2021-12-23,65.4,68.75,65.07,67.12,11746042.0,67.814,48913
2021-12-27,67.15,73.0,66.6,72.55,13002349.0,71.46,55695
2021-12-28,72.97,74.98,69.57,71.49,11641825.0,71.293,54326
2021-12-29,72.35,72.35,69.6,70.15,8765711.0,70.963,40557
2021-12-30,72.0,72.0,67.8,67.86,9270802.0,70.221,44264
2021-12-31,68.65,70.1,67.83,68.15,8467421.0,68.644,38239
2022-01-03,68.77,72.2,68.38,72.15,13063229.0,70.989,59066
2022-01-04,72.12,74.21,66.04,69.8,18209951.0,69.727,78500
2022-01-05,69.71,71.42,63.94,64.8,16934481.0,67.79,73692
2022-01-06,64.01,66.76,61.85,66.65,16427441.0,64.706,79329
2022-01-07,65.07,66.52,59.14,60.18,18333262.0,61.529,89345
2022-01-10,60.0,60.4,53.82,60.03,20271267.0,56.347,90813
2022-01-11,60.1,63.44,57.88,63.18,17961749.0,61.373,82544
2022-01-12,62.94,66.4,62.51,64.25,15567862.0,64.587,71814
2022-01-13,64.75,69.18,59.58,60.05,23431651.0,64.704,106091
2022-01-14,60.4,64.55,58.15,64.45,19083467.0,62.281,87986
2022-01-18,61.49,62.4,55.5,56.02,23839864.0,58.259,109214
2022-01-19,55.66,58.24,50.62,51.25,23602325.0,53.921,95665
2022-01-20,51.4,53.2,45.0,45.38,27259769.0,50.271,120995
2022-01-21,45.6,48.93,43.12,43.2,38695446.0,45.892,192432
2022-01-24,44.85,45.83,36.61,43.88,45231001.0,40.776,213170
2022-01-25,42.98,44.2,39.0,41.07,32790270.0,41.135,141252
2022-01-26,42.12,47.1,40.1,41.71,37808448.0,43.927,154777
2022-01-27,41.7,43.62,35.9,37.1,41886896.0,38.381,206765
2022-01-28,37.1,38.95,33.09,38.86,36947928.0,35.711,164438
2022-01-31,39.15,44.75,38.02,44.4,33930839.0,42.138,137581
2022-02-01,44.8,48.7,42.29,48.7,32083210.0,44.436,136968
2022-02-02,49.07,49.87,45.6,45.78,34538740.0,48.239,162009
2022-02-03,46.0,47.8,42.15,44.87,27886294.0,45.182,117607
2022-02-04,44.4,45.01,40.37,43.25,26210572.0,42.542,102149
2022-02-07,43.65,45.52,42.86,43.8,24290212.0,44.245,117790
2022-02-08,43.6,46.92,42.5,46.87,29242547.0,44.89,153280
2022-02-09,47.61,51.32,46.71,50.82,30377315.0,49.201,152934
2022-02-10,50.7,52.21,45.3,45.54,42624576.0,49.229,230363
2022-02-11,45.48,47.65,38.42,39.43,41413823.0,42.49,193309
2022-02-14,38.2,41.85,37.58,39.94,34295477.0,39.961,166238
2022-02-15,41.5,46.29,40.7,45.3,35408730.0,44.264,155714
2022-02-16,46.25,46.77,43.04,45.0,30884411.0,44.699,143775
2022-02-17,44.8,45.43,40.65,40.86,36474028.0,42.335,178206
2022-02-18,42.0,42.91,37.77,38.75,39581219.0,39.493,183801
2022-02-22,37.2,41.56,35.83,40.15,42107883.0,39.159,212814
2022-02-23,40.25,41.3,35.0,35.02,45902432.0,38.179,225246
2022-02-24,33.44,40.05,31.17,38.6,59396157.0,35.309,270580
2022-02-25,38.45,41.85,37.81,41.65,35203299.0,40.442,143955
2022-02-28,39.9,42.23,38.45,40.81,37709511.0,40.353,173725
2022-03-01,41.49,41.78,35.35,36.71,39706377.0,37.734,192323
2022-03-02,36.73,40.88,35.85,39.73,35501040.0,39.307,158952
2022-03-03,39.7,41.65,36.21,36.41,39716069.0,38.327,179469
2022-03-04,37.27,37.49,33.36,34.42,39560039.0,34.992,181603
2022-03-07,32.75,35.6,28.91,29.28,42975834.0,31.761,186186
2022-03-08,29.5,34.34,27.76,31.35,60331761.0,31.344,244576
2022-03-09,32.9,35.66,31.48,34.81,41115008.0,34.581,177006
2022-03-10,34.0,34.84,30.8,32.5,37817246.0,32.045,152572
2022-03-11,32.96,35.01,30.5,30.75,29380573.0,32.29,124454
2022-03-14,31.15,31.97,27.3,28.38,42520963.0,28.78,185334
2022-03-15,27.4,31.8,27.19,31.75,37205506.0,30.224,144762
2022-03-16,32.6,36.96,31.48,36.6,48431271.0,34.654,211922
2022-03-17,37.0,37.04,34.32,36.12,32892556.0,35.96,142286
2022-03-18,36.12,39.68,35.6,39.32,34937256.0,38.224,167300
2022-03-21,38.84,39.97,36.88,38.4,33260744.0,38.249,159592
2022-03-22,38.83,41.01,38.3,39.5,30617601.0,39.842,137147
2022-03-23,39.59,39.99,36.54,36.79,33400065.0,37.957,145204
2022-03-24,36.96,42.25,36.96,41.97,39643412.0,40.229,155062
2022-03-25,42.09,42.93,39.75,41.8,32863161.0,41.234,133110
2022-03-28,41.74,42.81,39.32,42.41,32103402.0,41.143,153177
2022-03-29,42.81,46.0,42.43,45.37,35116714.0,44.632,142334
2022-03-30,45.55,45.55,40.68,41.7,33221973.0,43.139,138455
2022-03-31,42.47,42.9,38.42,39.13,34117207.0,40.107,113188
2022-04-01,39.69,39.81,34.62,36.34,50402723.0,36.248,197605
2022-04-04,36.67,38.22,36.17,37.92,25083961.0,37.451,93819
2022-04-05,38.63,38.63,32.53,33.0,50514887.0,33.824,209128
2022-04-06,32.59,32.95,29.56,30.12,60809979.0,30.453,239562
2022-04-07,30.88,31.56,28.66,30.99,49581772.0,30.186,183532
2022-04-08,31.42,31.58,28.15,28.23,64360265.0,28.862,243832
2022-04-11,27.98,28.23,26.34,26.44,55513694.0,26.914,196479
2022-04-12,26.0,28.84,25.86,26.8,61271427.0,27.238,232325
2022-04-13,26.81,28.54,26.31,28.22,46893248.0,27.752,164284
2022-04-14,28.87,29.4,25.54,25.59,45473551.0,26.733,176749
2022-04-18,25.1,27.8,24.93,27.77,45799159.0,26.691,157286
2022-04-19,27.35,28.89,26.22,28.1,42120109.0,28.033,146920
2022-04-20,28.14,30.85,27.93,28.98,47862784.0,29.305,168715
2022-04-21,29.35,30.57,25.81,26.1,48900434.0,27.958,186096
2022-04-22,26.21,26.59,24.12,24.26,52548085.0,25.311,202611
2022-04-25,23.93,25.86,23.5,25.8,53996144.0,24.645,221789
2022-04-26,25.44,26.16,21.12,21.95,49553848.0,23.168,175441
2022-04-27,22.45,23.59,21.48,22.92,47931188.0,22.391,184499
2022-04-28,23.8,26.3,22.4,24.24,59242808.0,24.317,210299
2022-04-29,24.9,25.95,22.1,22.6,44352664.0,23.849,171705
2022-05-02,22.9,24.55,21.81,24.44,52494015.0,23.046,190119
2022-05-03,24.53,25.94,23.75,25.76,49104490.0,24.865,182786
2022-05-04,25.79,28.14,23.3,27.68,71021415.0,25.564,270873
2022-05-05,27.18,28.02,22.75,24.09,57292266.0,24.532,207607
2022-05-06,23.55,24.87,21.94,23.24,66094110.0,23.504,233617
2022-05-09,22.49,23.06,19.32,19.94,66472328.0,20.694,228518
2022-05-10,20.11,22.15,19.72,21.07,68446087.0,21.04,220223
2022-05-11,21.67,22.33,18.97,19.45,68696837.0,20.553,237983
2022-05-12,19.1,19.99,17.96,19.94,73539665.0,18.826,238991
2022-05-13,20.33,22.91,19.95,22.85,62011172.0,21.943,185372
2022-05-16,22.0,22.68,21.2,21.4,46226490.0,21.814,156942
2022-05-17,22.22,24.8,21.79,24.58,61493289.0,23.821,193357
2022-05-18,23.9,24.53,20.15,20.2,57478867.0,22.297,173002
2022-05-19,20.48,22.04,19.66,20.9,58744595.0,21.029,178246
2022-05-20,21.73,21.87,17.66,20.31,81457821.0,19.311,244293
2022-05-23,21.28,21.28,19.45,20.07,51675441.0,20.244,152516
2022-05-24,19.78,19.99,18.44,19.55,54229448.0,19.057,151539
2022-05-25,19.53,20.72,18.6,19.5,51849936.0,19.701,149600
2022-05-26,19.71,22.83,19.3,22.72,57221135.0,21.882,166580
2022-05-27,22.39,25.46,22.24,25.18,50794930.0,24.545,141218
2022-05-31,25.06,25.88,23.75,25.12,44974884.0,24.815,152681
2022-06-01,24.8,25.72,22.71,23.38,49024107.0,24.039,156305
2022-06-02,23.9,26.33,23.23,26.3,46238416.0,25.13,137854
2022-06-03,25.6,25.99,23.5,23.99,38863498.0,24.228,124393
2022-06-06,24.7,25.58,23.48,23.94,37946477.0,24.447,107476
2022-06-07,23.4,24.74,22.54,24.28,34882947.0,23.893,101419
2022-06-08,23.87,24.59,22.42,22.97,35648001.0,23.367,116145
2022-06-09,22.97,23.56,20.95,21.07,35233837.0,22.413,106072
2022-06-10,21.29,21.48,18.66,18.78,54535534.0,19.281,163634
2022-06-13,17.54,18.41,15.34,15.7,72369954.0,16.129,196138
2022-06-14,16.09,16.55,15.21,16.08,49942895.0,15.759,133883
2022-06-15,15.96,17.43,15.47,16.97,73071817.0,16.46,231276
2022-06-16,15.69,16.8,12.99,13.62,85337819.0,13.841,209650
2022-06-17,13.97,14.34,12.78,13.71,60970215.0,13.587,166940
2022-06-21,14.41,15.43,14.0,14.69,55139810.0,14.968,132976
2022-06-22,13.71,14.97,13.6,13.89,47152342.0,14.422,124597
2022-06-23,13.95,14.82,13.34,14.01,45335045.0,13.915,126382
2022-06-24,14.43,15.89,14.3,15.89,57365193.0,15.383,150048
2022-06-27,16.28,16.62,15.37,15.91,41182206.0,15.986,117416
2022-06-28,15.95,16.58,14.46,14.49,55089772.0,15.326,139188
2022-06-29,14.59,14.75,13.03,13.61,58836449.0,13.476,141728
2022-06-30,13.04,13.83,12.38,13.0,67307106.0,13.102,146733
2022-07-01,12.64,12.83,11.13,11.52,87448342.0,11.681,190220
2022-07-05,11.8,11.94,10.53,11.8,79581235.0,11.16,161606
2022-07-06,11.87,12.5,11.47,12.15,74847934.0,12.0,145027
2022-07-07,12.52,13.89,12.2,13.59,73379091.0,13.457,135246
2022-07-08,13.35,14.17,12.96,13.76,73911442.0,13.593,144502
2022-07-11,13.49,13.5,12.65,12.87,49541799.0,13.037,97867
2022-07-12,12.52,13.45,12.3,12.95,50821547.0,13.117,99145
2022-07-13,13.12,13.66,12.08,12.99,66687165.0,13.042,146133
2022-07-14,13.09,14.44,12.54,14.44,74510235.0,13.452,148984
2022-07-15,14.39,15.26,14.04,15.23,70214586.0,14.622,144397
2022-07-18,15.6,16.18,14.63,15.05,79177730.0,15.47,163288
2022-07-19,15.14,17.38,14.82,17.37,74263307.0,16.47,147217
2022-07-20,17.23,18.44,16.5,17.94,80657152.0,17.773,169220
2022-07-21,18.0,19.13,17.68,18.51,75220815.0,18.498,169495
2022-07-22,18.52,18.94,17.15,17.27,61736259.0,17.923,130928
2022-07-25,17.57,17.89,16.43,17.04,40646439.0,17.005,95819
2022-07-26,17.0,17.24,16.25,16.96,46396681.0,16.67,93260
2022-07-27,17.18,19.12,16.96,18.45,74888969.0,18.037,163288
2022-07-28,18.29,19.52,17.57,19.06,65326343.0,18.659,149790
2022-07-29,19.33,19.99,18.32,19.79,56240545.0,19.345,125252
2022-08-01,19.79,20.61,19.03,19.99,56728836.0,19.954,141713
2022-08-02,19.4,20.87,19.1,19.39,57197164.0,20.015,137533
2022-08-03,19.52,21.72,19.38,21.44,53914866.0,20.863,124758
2022-08-04,21.45,22.27,21.22,22.1,52988045.0,21.788,129334
2022-08-05,22.44,22.47,20.57,21.45,56084666.0,21.334,136373
2022-08-08,21.93,22.04,19.57,20.58,55208877.0,20.472,137736
2022-08-09,20.66,20.66,16.91,17.64,59834544.0,17.925,149038
2022-08-10,17.59,20.02,17.23,19.95,64736520.0,19.246,153613
2022-08-11,20.31,21.6,19.68,19.85,65529795.0,20.503,158548
2022-08-12,20.38,21.72,19.81,21.62,53027600.0,21.083,122312
2022-08-15,21.2,21.97,20.73,21.65,45795998.0,21.44,106781
2022-08-16,21.65,21.9,20.39,20.97,45514789.0,21.122,111408
2022-08-17,20.56,21.05,18.71,19.19,62817143.0,19.423,147618
2022-08-18,18.98,21.36,18.95,20.92,47177559.0,20.707,116017
2022-08-19,20.38,20.9,18.88,18.94,46367420.0,19.38,117402
2022-08-22,18.33,18.88,16.77,17.32,47098761.0,17.472,112525
2022-08-23,17.11,18.06,16.8,17.33,46659450.0,17.555,106316
2022-08-24,17.2,17.59,16.77,16.95,39449494.0,17.242,95853
2022-08-25,17.66,19.38,17.13,19.18,55309005.0,18.614,126232
2022-08-26,19.24,19.65,15.8,15.85,77697999.0,17.405,190602
2022-08-29,15.61,16.05,14.95,15.33,56833205.0,15.414,120414
2022-08-30,15.51,15.92,13.96,14.58,70896284.0,14.484,161147
2022-08-31,14.89,14.93,13.15,13.21,81093467.0,14.085,175369
2022-09-01,13.25,13.52,11.97,13.41,105582530.0,12.565,218964
2022-09-02,13.26,14.14,12.62,12.82,95589954.0,13.365,191608
2022-09-06,13.25,13.4,12.07,12.47,75102190.0,12.574,150430
2022-09-07,12.63,13.32,12.19,12.99,75792396.0,12.745,136399
2022-09-08,13.1,13.85,12.37,13.85,97872836.0,13.235,178820
2022-09-09,14.11,14.85,13.85,14.68,77837528.0,14.583,142178
2022-09-12,14.9,15.05,14.3,14.9,63805843.0,14.699,118828
2022-09-13,15.01,15.39,11.95,12.09,79966792.0,12.836,171777
2022-09-14,12.4,12.74,11.89,12.7,62203468.0,12.32,129936
2022-09-15,12.76,12.76,11.59,11.68,90149325.0,12.054,151092
2022-09-16,11.55,12.23,11.18,12.22,83124365.0,11.667,145081
2022-09-19,11.67,12.44,11.51,12.39,72387447.0,12.097,119664
2022-09-20,12.2,12.39,11.42,11.67,67173960.0,11.789,119023
2022-09-21,11.65,12.92,11.05,11.1,119311263.0,12.078,239762
2022-09-22,11.35,11.7,10.25,10.55,104999412.0,10.613,189893
2022-09-23,10.3,10.58,9.45,10.01,113850862.0,9.738,205546
2022-09-26,10.02,10.36,9.5,9.69,91809758.0,9.867,152177
2022-09-27,9.95,10.28,9.39,9.94,111666003.0,9.83,174555
2022-09-28,9.51,10.35,9.19,10.14,115173684.0,9.922,188614
2022-09-29,9.7,10.14,8.8,9.15,121719971.0,9.185,191043
2022-09-30,9.5,9.61,8.74,8.89,104919824.0,9.16,160671
2022-10-03,8.72,10.0,8.6,9.85,122521305.0,9.574,170537
2022-10-04,10.36,11.14,9.98,10.99,110227551.0,10.87,159722
2022-10-05,10.92,11.66,10.21,11.47,105852300.0,10.917,160675
2022-10-06,11.35,11.92,10.51,10.56,112657763.0,11.363,175078
2022-10-07,10.71,10.84,9.0,9.1,128177325.0,9.613,193609
2022-10-10,8.98,9.16,7.86,8.28,156519980.0,8.255,213223
2022-10-11,8.0,8.18,7.2,7.52,179015017.0,7.603,227749
2022-10-12,7.76,7.9,7.23,7.32,106321513.0,7.431,155874
2022-10-13,7.32,8.36,6.21,8.0,278112772.0,7.415,365178
2022-10-14,8.09,8.35,6.84,6.85,171378951.0,7.414,246221
2022-10-17,7.18,7.67,6.95,7.6,111152242.0,7.406,145626
2022-10-18,7.8,8.21,7.04,7.76,182265666.0,7.521,219961
2022-10-19,7.63,7.8,7.2,7.38,132080122.0,7.513,178204
2022-10-20,7.4,8.42,7.27,7.62,167812310.0,7.982,210687
2022-10-21,7.63,8.75,7.35,8.7,175415627.0,8.141,229871
2022-10-24,8.56,8.87,8.08,8.73,144508777.0,8.519,201398
2022-10-25,8.72,9.47,8.57,8.63,124500531.0,9.185,166404
2022-10-26,8.85,9.67,8.51,9.24,140213659.0,9.164,209170
2022-10-27,9.12,9.44,8.25,8.53,126742835.0,8.903,201168
2022-10-28,8.32,9.64,8.21,9.61,126057624.0,9.124,176467
2022-10-31,9.49,9.53,8.75,8.91,115991404.0,9.008,162370
2022-11-01,9.16,9.52,8.91,9.19,106605673.0,9.211,139510
2022-11-02,9.18,9.77,8.02,8.14,171165548.0,9.097,247256
2022-11-03,8.22,8.43,7.53,7.95,133035958.0,7.959,178581
2022-11-04,8.1,9.09,7.87,8.95,168974995.0,8.713,237025
2022-11-07,9.06,9.69,8.81,9.65,103939611.0,9.285,144004
2022-11-08,9.65,10.56,9.47,10.23,144187632.0,10.133,196925
2022-11-09,10.3,10.37,9.18,9.24,105268359.0,9.551,156412
2022-11-10,9.24,12.28,9.11,12.22,191326347.0,11.218,273796
2022-11-11,12.6,13.41,11.83,13.18,161668568.0,12.739,268883
2022-11-14,13.05,13.51,12.49,12.97,106133681.0,13.149,172908
2022-11-15,13.46,14.5,13.2,13.53,155248257.0,14.011,258358
2022-11-16,14.1,14.18,11.87,12.49,108013662.0,12.536,206645
2022-11-17,12.5,12.6,11.21,12.57,125350701.0,12.102,194163
2022-11-18,12.5,13.04,12.07,12.46,114639906.0,12.508,178647
2022-11-21,12.21,12.39,11.74,11.94,82703432.0,11.947,124181
2022-11-22,11.78,12.96,11.67,12.92,85284178.0,12.355,130636
2022-11-23,12.88,13.75,12.75,13.46,111273936.0,13.353,178079
2022-11-25,13.5,13.58,12.78,12.85,40737194.0,13.094,71045
2022-11-28,12.47,12.77,11.6,11.8,86710057.0,12.19,134449
2022-11-29,12.2,12.32,11.5,11.78,73626594.0,11.847,108132
2022-11-30,11.9,14.08,11.52,14.05,130698475.0,12.613,201574
2022-12-01,13.82,14.35,12.94,13.29,109062579.0,13.555,194401
2022-12-02,13.3,13.4,12.12,12.99,95622760.0,12.651,161179
2022-12-05,12.94,13.16,12.2,12.7,69668817.0,12.689,109672
2022-12-06,12.76,12.76,11.38,11.75,85168834.0,11.945,135239
2022-12-07,11.73,11.93,11.17,11.63,84860930.0,11.633,136334
2022-12-08,11.78,12.76,11.56,12.67,100419838.0,12.36,140264
2022-12-09,12.89,13.14,12.09,12.2,86747759.0,12.676,150192
2022-12-12,12.34,13.04,11.94,13.03,72265255.0,12.437,101689
2022-12-13,13.05,15.5,12.83,13.75,175719817.0,14.002,326224
2022-12-14,13.75,14.03,12.54,12.92,136985007.0,13.31,272995
2022-12-15,12.56,13.0,11.28,11.28,104050538.0,11.681,174498
2022-12-16,10.98,11.52,10.75,11.04,86751911.0,11.057,132507
2022-12-19,11.38,11.38,10.34,10.69,81219045.0,10.646,109125
2022-12-20,10.4,10.75,10.12,10.64,86753243.0,10.504,122762
2022-12-21,10.7,11.27,10.52,11.19,81916878.0,11.033,108630
2022-12-22,11.35,11.35,9.11,9.68,132223537.0,9.668,184627
2022-12-23,9.84,10.03,9.23,9.75,90220655.0,9.602,132584
2022-12-27,10.07,10.07,9.13,9.21,76613840.0,9.379,111460
2022-12-28,9.28,9.43,8.74,8.94,81774048.0,9.025,113088
2022-12-29,9.05,9.83,8.9,9.64,89329190.0,9.609,110583
2022-12-30,9.52,9.77,9.06,9.73,62992871.0,9.37,89771
2023-01-03,9.96,10.21,9.19,9.38,95814483.0,9.574,139896
2023-01-04,9.65,10.27,9.45,10.03,112739421.0,9.97,149803
2023-01-05,10.07,10.25,9.53,9.63,81874268.0,9.808,119984
2023-01-06,9.68,11.07,9.38,10.83,121244236.0,10.315,159384
2023-01-09,11.09,12.27,10.87,11.46,133622957.0,11.847,202634
2023-01-10,11.43,12.09,11.19,12.07,88635936.0,11.59,133881
2023-01-11,11.93,12.43,11.65,12.42,79048065.0,12.022,104607
2023-01-12,12.58,13.08,11.75,12.86,132029687.0,12.596,221189
2023-01-13,12.87,13.0,12.25,12.87,72858093.0,12.676,112567
2023-01-17,12.72,13.43,12.53,12.93,72981786.0,13.032,103708
2023-01-18,13.08,13.76,12.72,12.73,80192456.0,13.253,121029
2023-01-19,12.85,12.9,11.62,11.96,97468385.0,12.041,148063
2023-01-20,12.08,12.92,11.75,12.89,88356057.0,12.256,115830
2023-01-23,12.9,14.91,12.83,14.77,121029764.0,14.241,192566
2023-01-24,14.74,14.97,13.89,13.98,73579884.0,14.418,132402
2023-01-25,14.0,14.71,13.33,14.64,91157560.0,13.964,152127
2023-01-26,14.97,15.3,14.3,14.53,108708306.0,14.82,173996
2023-01-27,14.62,15.36,14.33,14.94,98864676.0,14.908,156642
2023-01-30,14.48,14.83,13.73,13.78,79232480.0,14.16,125958
2023-01-31,13.62,14.81,13.05,14.37,95373788.0,14.085,140428
2023-02-01,14.58,17.28,14.47,17.08,145984915.0,15.921,239509
2023-02-02,17.31,18.4,16.71,17.23,111953971.0,17.569,231878
2023-02-03,17.18,18.13,16.59,16.8,91358992.0,17.364,230325
2023-02-06,16.4,16.86,15.85,16.33,74761238.0,16.303,154863
2023-02-07,16.2,17.85,16.11,17.56,115703479.0,16.892,224706
2023-02-08,17.52,17.87,16.35,16.58,69981973.0,17.006,150874
2023-02-09,16.99,17.9,16.21,16.47,82250864.0,17.238,155877
2023-02-10,16.51,16.83,15.25,15.85,75404987.0,15.71,151448
2023-02-13,15.79,16.62,15.13,16.52,58719980.0,16.218,107005
2023-02-14,16.48,17.53,15.67,16.95,107856217.0,16.809,239870
2023-02-15,16.65,17.7,16.43,17.7,72918639.0,17.026,149356
2023-02-16,17.68,17.9,15.84,16.0,78872997.0,16.789,170420
2023-02-17,15.82,16.25,15.04,15.59,80404049.0,15.504,154514
2023-02-21,14.88,15.49,13.89,14.0,65418806.0,14.551,128003
2023-02-22,14.0,14.63,13.54,14.6,68208858.0,13.953,123108
2023-02-23,14.8,15.34,14.28,14.97,91646719.0,14.884,170799
2023-02-24,14.69,14.94,13.96,14.28,72504837.0,14.237,139467
2023-02-27,14.51,15.01,14.27,14.66,60474835.0,14.772,101836
2023-02-28,14.4,15.27,14.31,14.42,57877459.0,14.829,101706
2023-03-01,14.77,15.22,14.48,14.73,62162040.0,14.818,107010
2023-03-02,14.42,15.24,13.66,14.9,71582043.0,14.334,135210
2023-03-03,14.95,15.77,14.65,15.66,70147075.0,15.17,125866
2023-03-06,15.8,16.25,15.04,15.23,54366164.0,15.703,114132
2023-03-07,15.3,15.46,14.49,14.62,64585690.0,14.913,130577
2023-03-08,14.69,15.9,14.53,15.71,69804770.0,15.428,127737
2023-03-09,15.54,16.54,14.76,14.81,85093966.0,15.737,162214
2023-03-10,14.8,15.43,13.81,14.18,124545296.0,14.471,255557
2023-03-13,14.9,15.04,13.15,14.2,117028939.0,13.973,290368
2023-03-14,14.13,15.54,13.85,15.22,103740952.0,15.019,194340
2023-03-15,15.25,15.41,13.75,14.8,121774500.0,14.309,280080
2023-03-16,14.8,16.52,14.3,16.33,106357128.0,15.576,207678
2023-03-17,16.65,16.9,15.83,16.15,76532768.0,16.296,161194
2023-03-20,15.81,16.79,15.55,16.51,60403711.0,16.27,137471
2023-03-21,16.75,17.53,15.94,16.72,73135021.0,16.698,152935
2023-03-22,16.58,18.02,16.0,16.27,91030391.0,17.18,198850
2023-03-23,16.75,18.17,16.4,17.51,93907241.0,17.509,200522
2023-03-24,17.71,17.95,16.04,16.6,87244838.0,16.528,201651
2023-03-27,16.43,16.95,15.81,16.07,62197095.0,16.296,152398
2023-03-28,15.91,16.11,14.9,15.66,72330541.0,15.281,146643
2023-03-29,16.0,17.47,15.81,17.1,86927556.0,16.768,163324
2023-03-30,17.32,18.29,17.01,17.98,77289276.0,17.919,174133
2023-03-31,17.91,18.34,17.43,18.28,66107419.0,17.995,133364
2023-04-03,17.98,18.16,17.13,17.7,54921261.0,17.604,125843
2023-04-04,17.65,18.1,16.51,16.83,61266561.0,17.165,138028
2023-04-05,16.74,16.91,15.38,15.7,82934807.0,15.762,177956
2023-04-06,15.85,16.01,15.09,15.79,63488552.0,15.656,136176
2023-04-10,15.63,16.53,15.12,16.53,60970608.0,15.968,132210
2023-04-11,16.51,16.8,16.11,16.27,50411916.0,16.444,113481
2023-04-12,16.22,16.94,15.17,15.17,73449293.0,15.88,171270
2023-04-13,15.52,15.95,15.04,15.64,57275102.0,15.552,120405
2023-04-14,15.69,16.19,15.08,15.58,54805669.0,15.568,117078
2023-04-17,15.63,15.7,14.95,15.63,54230020.0,15.232,112337
2023-04-18,15.58,16.36,15.41,15.74,54905862.0,15.847,109259
2023-04-19,15.45,15.75,14.98,15.04,51197095.0,15.197,98446
2023-04-20,15.0,15.9,14.74,15.33,62830648.0,15.345,124198
2023-04-21,15.16,15.28,14.48,14.8,65769375.0,14.786,131839
2023-04-24,14.61,15.04,14.36,14.53,47233814.0,14.644,95519
2023-04-25,14.44,14.61,13.07,13.67,85500285.0,13.695,163599
2023-04-26,13.57,13.79,13.18,13.43,66824558.0,13.492,129341
2023-04-27,13.64,13.74,12.52,13.5,84526492.0,13.1,169861
2023-04-28,13.59,14.3,13.43,14.25,63527873.0,13.908,120324
2023-05-01,14.33,14.79,14.22,14.53,55405789.0,14.58,99465
2023-05-02,14.7,14.91,13.91,14.03,59147308.0,14.342,107428
2023-05-03,14.03,14.62,13.61,13.7,68755353.0,14.13,146062
2023-05-04,13.86,14.0,13.22,13.54,60172392.0,13.513,130207
2023-05-05,13.54,14.68,13.35,14.45,60478321.0,14.096,122962
2023-05-08,14.46,14.7,14.07,14.55,39796048.0,14.462,74287
2023-05-09,14.55,14.57,13.74,13.92,55584269.0,13.931,117390
2023-05-10,13.84,14.64,13.65,14.39,76360763.0,14.34,139855
2023-05-11,14.41,14.54,13.64,14.04,53230463.0,13.966,106260
2023-05-12,14.07,14.37,13.59,13.9,44866225.0,13.912,83238
2023-05-15,14.08,15.16,13.91,15.09,62209341.0,14.631,105873
2023-05-16,15.17,15.57,14.88,15.1,52710000.0,15.313,93088
2023-05-17,15.12,16.34,15.05,16.21,74934337.0,15.85,123690
2023-05-18,16.25,17.8,16.1,17.6,87806231.0,17.246,167301
2023-05-19,17.6,17.89,17.06,17.32,47768958.0,17.366,100767
2023-05-22,17.17,17.72,16.72,17.72,42384171.0,17.354,87892
2023-05-23,17.6,17.68,16.79,16.92,39835999.0,17.205,86969
2023-05-24,16.74,17.92,15.49,17.54,83537555.0,16.048,178479
2023-05-25,17.52,19.53,17.42,19.31,119181225.0,18.55,270955
2023-05-26,19.53,23.26,19.21,22.99,107553470.0,21.804,247085
2023-05-30,23.26,24.84,22.5,22.76,94272432.0,23.687,268996
2023-05-31,22.48,22.67,21.01,21.1,71134692.0,21.68,181631
2023-06-01,21.25,22.75,20.83,22.14,71831246.0,21.855,162609
2023-06-02,22.45,22.91,21.53,21.96,61986828.0,22.12,154275
2023-06-05,21.86,21.96,20.62,20.66,39942112.0,21.139,112544
2023-06-06,20.9,22.06,20.43,21.79,47347499.0,21.42,123935
2023-06-07,21.52,23.1,21.31,21.67,62067870.0,22.207,161491
2023-06-08,21.52,22.47,21.27,22.37,40910307.0,22.025,104673
2023-06-09,22.22,23.49,22.08,22.37,47379071.0,22.794,132497
2023-06-12,22.88,24.86,21.7,24.86,50345215.0,23.888,143043
2023-06-13,25.28,26.26,24.72,25.69,78104896.0,25.526,253661
2023-06-14,25.85,26.87,24.84,26.81,80754166.0,25.891,231234
2023-06-15,26.6,26.74,25.26,25.85,61582830.0,25.945,165349
2023-06-16,25.95,26.79,25.13,25.28,52682741.0,25.753,164811
2023-06-20,25.08,25.55,23.97,24.62,40062147.0,24.546,121448
2023-06-21,24.33,24.62,22.62,22.68,56155362.0,23.324,147252
2023-06-22,22.5,23.38,22.22,23.26,42614603.0,22.889,108998
2023-06-23,22.6,22.95,21.52,21.84,41686731.0,21.967,115578
2023-06-26,21.99,23.32,21.64,22.39,45172615.0,22.611,134687
2023-06-27,22.6,24.49,22.01,23.44,52222890.0,23.321,135848
2023-06-28,23.62,24.44,22.81,24.16,52707920.0,23.742,144954
2023-06-29,24.1,24.52,23.17,23.73,43010402.0,23.682,119155
2023-06-30,23.92,25.17,23.75,24.85,45023455.0,24.817,137421
2023-07-03,25.17,25.75,24.68,25.36,23343845.0,25.187,70996
2023-07-05,25.1,25.3,23.79,23.94,36072830.0,24.469,106280
2023-07-06,23.4,23.78,22.04,22.77,46286937.0,22.542,132966
2023-07-07,22.6,24.03,22.45,23.01,38773911.0,23.415,108597
2023-07-10,22.62,24.48,22.4,24.44,37764037.0,23.821,109091
2023-07-11,24.57,24.94,23.28,24.44,41801023.0,23.97,124049
2023-07-12,24.55,25.9,24.41,25.88,51413926.0,25.489,153320
2023-07-13,26.3,27.45,25.91,27.27,40196023.0,26.727,119043
2023-07-14,27.3,28.02,25.9,26.36,45045343.0,27.097,144712
2023-07-17,26.51,28.53,25.77,28.1,47014892.0,27.388,128520
2023-07-18,27.99,28.55,27.09,28.08,43263310.0,27.697,133335
2023-07-19,28.26,28.65,26.6,26.8,46264933.0,27.734,147168
2023-07-20,26.68,27.23,23.87,24.11,62616847.0,25.11,193345
2023-07-21,24.5,25.59,24.27,24.92,41090372.0,25.034,108307
2023-07-24,24.92,25.44,24.51,25.08,28097483.0,24.905,90688
2023-07-25,25.12,26.59,24.97,25.89,37039253.0,26.128,112745
2023-07-26,25.82,25.89,24.21,25.6,50990707.0,24.967,168000
2023-07-27,26.16,28.05,25.75,27.2,78290766.0,27.148,258373
2023-07-28,27.5,28.44,27.0,28.19,57289622.0,27.977,190411
2023-07-31,27.8,28.75,27.58,28.3,34687038.0,28.426,130944
2023-08-01,28.19,28.98,27.43,28.01,35059077.0,28.231,129072
2023-08-02,27.33,27.93,24.79,25.54,76853998.0,25.881,237576
2023-08-03,24.52,25.6,24.07,24.8,48362667.0,24.797,143313
2023-08-04,25.14,25.95,24.08,24.66,55779303.0,24.974,170419
2023-08-07,25.3,25.8,24.75,25.68,37779885.0,25.38,112549
2023-08-08,25.37,25.43,23.42,24.31,49250294.0,23.968,142131
2023-08-09,24.83,24.96,22.95,23.36,46512248.0,23.567,135586
2023-08-10,23.67,24.41,22.31,22.98,61520106.0,23.293,177828
2023-08-11,22.85,22.94,21.0,21.14,62460878.0,21.458,181772
2023-08-14,21.46,23.38,20.66,23.37,52334246.0,22.095,163544
2023-08-15,22.54,23.28,21.7,21.88,42897860.0,22.194,126292
2023-08-16,22.0,22.29,20.37,20.38,51572836.0,21.07,143201
2023-08-17,20.68,20.87,19.69,19.81,48090040.0,20.2,127956
2023-08-18,19.81,20.43,19.11,20.35,61053648.0,19.795,157308
2023-08-21,20.36,22.03,19.89,21.8,57827149.0,21.187,149849
2023-08-22,22.29,22.82,21.1,21.39,57234527.0,21.802,162190
2023-08-23,21.84,24.24,20.71,23.9,63367483.0,22.332,179582
2023-08-24,24.11,24.5,20.1,20.29,82127787.0,21.751,245026
2023-08-25,20.4,21.17,19.4,20.71,70060688.0,20.254,171055
2023-08-28,20.72,21.59,20.41,21.5,55991673.0,21.168,143499
2023-08-29,21.48,23.31,20.97,23.08,59698031.0,22.543,155131
2023-08-30,22.98,23.7,22.37,23.32,56087796.0,23.18,137929
2023-08-31,23.31,24.28,23.05,23.46,55168348.0,23.806,139788
2023-09-01,23.74,24.51,23.51,23.99,47661053.0,23.945,128069
2023-09-05,23.77,24.58,23.31,23.9,37666479.0,24.033,104735
2023-09-06,23.88,24.29,22.66,23.29,42710039.0,23.385,118804
2023-09-07,23.0,23.39,21.0,21.94,58423144.0,21.65,150806
2023-09-08,22.06,22.19,21.22,21.5,38642333.0,21.655,89853
2023-09-11,21.87,22.31,20.59,21.35,52648449.0,21.212,148374
2023-09-12,21.3,21.98,20.85,20.91,46727435.0,21.372,121840
2023-09-13,20.94,21.87,20.4,21.49,53118605.0,21.344,136072
2023-09-14,21.68,21.93,21.04,21.69,51692059.0,21.597,130801
2023-09-15,21.65,21.91,19.45,19.78,72859557.0,20.208,192939
2023-09-18,19.85,20.18,19.12,19.97,39579266.0,19.822,96043
2023-09-19,19.84,20.27,19.08,19.51,47612491.0,19.412,118631
2023-09-20,19.33,19.92,18.32,18.32,55974888.0,19.245,139842
2023-09-21,18.23,18.32,17.32,17.44,64852761.0,17.772,174524
2023-09-22,17.73,18.37,17.61,17.84,63133507.0,18.026,143581
2023-09-25,18.0,18.37,17.33,18.34,54407460.0,17.955,113833
2023-09-26,17.72,18.08,16.99,17.3,68452489.0,17.5,148343
2023-09-27,17.6,18.08,16.89,17.77,78742853.0,17.515,160118
2023-09-28,17.71,19.22,17.28,18.75,85817510.0,18.468,193745
2023-09-29,19.14,19.66,18.66,18.92,73355704.0,19.157,169312
2023-10-02,19.51,19.58,18.43,19.14,63040741.0,19.025,151467
2023-10-03,19.08,19.39,17.53,17.87,74715737.0,18.297,176998
2023-10-04,17.8,18.81,17.55,18.62,71823759.0,18.311,167968
2023-10-05,18.59,18.87,17.82,18.32,61034369.0,18.298,132869
2023-10-06,18.45,19.79,17.6,19.6,89258143.0,18.864,199763
2023-10-09,18.86,19.53,18.45,19.34,60474459.0,18.929,133604
2023-10-10,19.4,20.62,19.2,20.1,65171527.0,20.057,144070
2023-10-11,20.16,20.68,19.82,20.59,60505554.0,20.253,141753
2023-10-12,20.75,21.57,20.09,20.67,80209550.0,20.958,189094
2023-10-13,20.75,20.94,18.85,18.92,85400693.0,19.561,187471
2023-10-16,18.98,20.0,18.75,19.7,62815303.0,19.654,147201
2023-10-17,19.83,19.95,17.9,19.1,85154722.0,18.949,211477
2023-10-18,18.88,19.15,17.98,18.1,77752970.0,18.37,197928
2023-10-19,18.09,18.93,17.22,17.23,111110874.0,18.034,272437
2023-10-20,17.23,17.79,16.53,16.55,80292955.0,17.064,183930
2023-10-23,16.55,17.26,15.83,16.66,86249513.0,16.583,170892
2023-10-24,16.77,17.15,16.42,16.71,76272150.0,16.785,160620
2023-10-25,16.53,16.72,14.47,14.49,102643421.0,15.531,223111
2023-10-26,14.4,15.68,14.25,15.31,98242043.0,15.028,211986
2023-10-27,15.65,15.67,14.93,15.1,88744072.0,15.186,168101
2023-10-30,15.43,15.67,14.02,14.5,100957075.0,14.536,206531
2023-10-31,14.15,15.03,14.01,14.74,73807223.0,14.564,143210
2023-11-01,14.79,16.31,14.59,16.31,96820195.0,15.404,185181
2023-11-02,16.6,17.41,16.33,16.84,86735433.0,16.923,167240
2023-11-03,17.08,18.76,16.86,18.37,84986272.0,18.132,174591
2023-11-06,18.72,18.72,17.73,18.12,50369499.0,18.119,106019
2023-11-07,18.2,18.88,17.9,18.56,54945637.0,18.528,112611
2023-11-08,18.45,18.96,18.28,18.54,48782951.0,18.61,98385
2023-11-09,18.66,19.7,18.1,18.18,73249395.0,19.068,154090
2023-11-10,18.4,20.78,18.21,20.46,90780599.0,19.907,177434
2023-11-13,20.28,20.61,19.58,20.18,55246222.0,19.94,129981
2023-11-14,20.23,22.48,19.98,22.45,90339164.0,21.879,202571
2023-11-15,22.66,23.18,22.17,22.38,74667590.0,22.686,193989
2023-11-16,22.57,22.91,22.14,22.5,59177981.0,22.558,156748
2023-11-17,22.52,23.29,22.24,23.17,51492925.0,22.861,136457
2023-11-20,23.1,24.42,22.91,24.3,54537257.0,23.779,131355
2023-11-21,24.26,24.39,21.91,22.36,60140721.0,22.896,158977
2023-11-22,22.24,24.12,22.24,22.92,62326476.0,23.282,160782
2023-11-24,22.74,23.15,22.71,23.02,20710814.0,23.019,61223
2023-11-27,22.93,23.54,22.6,22.9,39120121.0,23.089,90230
2023-11-28,22.93,23.14,21.97,22.57,49984391.0,22.433,120920
2023-11-29,22.8,24.3,22.63,23.45,64022494.0,23.727,140714
2023-11-30,23.4,23.67,22.19,22.54,56455441.0,22.665,134373
2023-12-01,22.9,23.25,21.84,23.11,52520585.0,22.678,138225
2023-12-04,22.91,23.0,21.29,22.05,51224903.0,21.954,127819
2023-12-05,21.63,22.15,21.34,22.15,49224522.0,21.752,127201
2023-12-06,22.2,22.89,21.4,21.4,57668839.0,22.209,149954
2023-12-07,21.54,23.4,21.35,23.11,71532390.0,22.648,166848
2023-12-08,22.99,24.04,22.56,23.67,66389028.0,23.567,174307
2023-12-11,23.78,26.38,23.66,26.2,76073783.0,25.52,198197
2023-12-12,26.36,26.8,25.6,26.74,52819623.0,26.355,145241
2023-12-13,26.65,28.6,26.42,28.6,77093923.0,27.315,199588
2023-12-14,28.57,30.49,28.36,29.9,82174194.0,29.834,241288
2023-12-15,30.15,31.59,29.94,30.55,63551836.0,30.873,195970
2023-12-18,30.65,31.0,29.46,30.02,42911105.0,30.125,137162
2023-12-19,30.51,30.98,30.08,30.81,37193475.0,30.606,123438
2023-12-20,30.56,30.9,28.05,28.62,56606907.0,29.507,167582
2023-12-21,29.14,30.41,28.7,30.13,58953732.0,29.813,185894
2023-12-22,30.03,31.08,29.82,30.53,40312919.0,30.625,136050
2023-12-26,30.69,32.53,30.65,32.27,45854559.0,31.841,131556
2023-12-27,32.48,32.8,31.84,32.38,45904988.0,32.201,132904
2023-12-28,32.69,32.78,32.05,32.27,33240421.0,32.406,95162
2023-12-29,32.57,32.6,30.89,31.15,51126999.0,31.566,148818
2024-01-02,31.72,31.72,27.25,27.89,70790222.0,28.627,222808
2024-01-03,27.92,28.31,25.88,26.33,58717030.0,26.404,182011
2024-01-04,26.56,26.91,24.8,25.7,70889693.0,25.675,224572
2024-01-05,25.4,26.62,24.71,26.08,70462847.0,25.982,198522
2024-01-08,25.93,28.67,25.35,28.4,69391693.0,27.837,186623
2024-01-09,27.74,29.14,27.33,28.5,64246801.0,28.226,185503
2024-01-10,28.6,29.17,27.09,28.29,59424856.0,27.976,168646
2024-01-11,28.89,29.04,26.78,28.35,73538209.0,27.898,246253
2024-01-12,28.45,28.98,27.61,27.91,45873039.0,28.16,154987
2024-01-16,27.7,29.83,26.96,29.15,71746722.0,28.883,220438
2024-01-17,28.54,29.03,26.96,28.4,73149540.0,27.731,215302
2024-01-18,29.11,31.98,28.3,31.93,94768340.0,30.755,286374
2024-01-19,32.14,34.99,31.6,34.99,85764096.0,33.509,255753
2024-01-22,36.0,36.57,34.22,35.01,68615199.0,35.295,245263
2024-01-23,34.95,36.01,34.22,35.54,47925827.0,35.33,159593
2024-01-24,36.57,38.92,35.52,37.72,90281886.0,37.726,325330
2024-01-25,38.2,39.53,34.52,34.7,77375765.0,38.025,301125
2024-01-26,34.39,35.69,33.7,33.89,65484028.0,34.567,229292
2024-01-29,34.58,35.76,33.51,35.73,51049852.0,34.276,176120
2024-01-30,35.35,35.4,31.54,32.01,52412201.0,34.006,181704
2024-01-31,32.31,33.87,31.14,32.38,80909441.0,32.193,312954
2024-02-01,32.83,33.47,31.2,33.46,56766191.0,32.067,207571
2024-02-02,33.48,33.92,32.17,33.55,63865424.0,33.243,222903
2024-02-05,33.72,35.6,33.2,35.39,61786308.0,34.63,221616
2024-02-06,35.71,35.95,32.66,33.7,58319649.0,33.755,212654
2024-02-07,33.0,36.05,33.0,35.8,59493136.0,34.809,190217
2024-02-08,35.78,37.95,35.3,37.36,56096950.0,37.044,201655
2024-02-09,37.71,39.54,37.17,39.2,61828021.0,38.678,221837
2024-02-12,39.41,41.33,38.38,38.48,67492672.0,39.999,257475
2024-02-13,38.48,39.54,35.16,36.86,80466926.0,36.682,302775
2024-02-14,37.52,39.5,36.9,39.49,59183597.0,38.552,205428
2024-02-15,39.91,40.32,38.5,40.0,57308298.0,39.35,227070
2024-02-16,40.53,40.78,37.96,38.2,72441225.0,39.307,282773
2024-02-20,37.76,38.32,34.66,35.63,74428608.0,35.824,293234
2024-02-21,35.69,39.24,34.58,39.11,60148565.0,35.599,231438
2024-02-22,40.1,42.05,39.1,41.7,89129389.0,41.034,347448
2024-02-23,41.75,42.68,39.41,39.66,63198994.0,40.813,254852
2024-02-26,40.0,41.8,39.64,40.95,46266615.0,41.306,180986
2024-02-27,41.19,42.16,40.71,41.18,44732585.0,41.545,179185
2024-02-28,40.48,41.19,39.15,39.43,42584330.0,39.783,175197
2024-02-29,39.5,43.35,39.21,43.35,62362506.0,41.914,227842
2024-03-01,43.52,48.95,43.24,48.5,84303593.0,46.85,302118
2024-03-04,49.4,51.41,48.52,49.39,73817399.0,50.318,325381
2024-03-05,48.55,49.2,45.26,47.3,69950039.0,47.04,311190
2024-03-06,48.03,51.85,47.68,49.8,83969936.0,50.366,379370
2024-03-07,50.01,56.06,49.6,54.72,82416473.0,54.409,369976
2024-03-08,55.65,56.99,48.0,48.05,114976883.0,52.615,530967
2024-03-11,48.24,49.52,45.1,47.93,69524822.0,46.578,290312
2024-03-12,48.6,50.39,46.0,50.19,80526944.0,48.181,361097
2024-03-13,50.22,50.51,45.09,46.29,70484442.0,46.534,339795
2024-03-14,46.88,47.58,42.18,43.17,69529411.0,44.098,297532
2024-03-15,43.17,44.14,41.54,43.08,66026375.0,42.974,293454
2024-03-18,44.15,45.26,41.28,41.3,58928085.0,43.542,255026
2024-03-19,41.76,42.35,38.94,41.55,75686838.0,40.575,315424
2024-03-20,41.5,46.0,40.62,46.0,72413792.0,42.135,300453
2024-03-21,46.44,48.76,45.95,46.78,74899564.0,47.395,309374
2024-03-22,46.74,47.5,45.25,46.21,52528622.0,46.384,206841
2024-03-25,45.83,47.18,44.14,46.2,50056255.0,46.083,219712
2024-03-26,46.71,47.41,44.88,45.15,50908359.0,46.166,205543
2024-03-27,45.88,46.64,43.91,46.3,51790459.0,45.526,222447
2024-03-28,46.2,47.3,45.78,46.34,42267403.0,46.562,167888
2024-04-01,47.69,49.99,46.71,48.32,56820898.0,48.397,229527
2024-04-02,47.95,48.67,44.37,45.34,51391194.0,45.25,211631
2024-04-03,44.99,47.18,44.06,46.79,49278266.0,46.149,184563
2024-04-04,47.05,48.49,41.98,42.66,74507816.0,45.255,310258
2024-04-05,43.1,44.53,41.94,43.79,64037466.0,43.489,279830
2024-04-08,43.68,45.19,43.04,44.05,38341794.0,44.21,158336
2024-04-09,44.35,45.85,43.17,45.33,60228599.0,44.595,258562
2024-04-10,45.59,46.2,42.19,42.65,64399742.0,43.33,299357
2024-04-11,43.05,46.05,41.98,45.68,58129138.0,44.353,228808
2024-04-12,45.5,45.86,40.99,41.0,71523043.0,42.197,296300
2024-04-15,42.0,43.4,39.1,39.62,56251748.0,41.143,207037
2024-04-16,39.8,41.17,38.9,41.1,56622872.0,40.326,256101
2024-04-17,40.02,41.43,36.64,37.22,76936287.0,38.151,321153
2024-04-18,38.22,39.0,34.41,34.41,82960283.0,35.579,332395
2024-04-19,33.74,34.71,30.2,30.65,95367797.0,32.393,357433
2024-04-22,31.59,32.85,30.5,32.19,60209398.0,31.691,203520
2024-04-23,32.41,35.87,31.99,35.79,61293273.0,33.893,206353
2024-04-24,36.03,37.48,34.33,34.5,73570620.0,35.884,272669
2024-04-25,34.88,38.28,34.4,38.19,72389452.0,36.64,265703
2024-04-26,37.7,40.29,37.0,39.77,52723440.0,39.145,191221
2024-04-29,40.35,41.06,38.71,40.68,45782454.0,40.016,170131
2024-04-30,40.64,41.49,35.68,36.59,50336892.0,39.586,184752
2024-05-01,36.27,38.06,33.65,35.32,86787873.0,35.528,323784
2024-05-02,35.76,37.2,34.12,36.89,51288475.0,35.838,172625
2024-05-03,36.72,39.58,36.2,39.2,52157293.0,38.799,200957
2024-05-06,39.35,41.47,39.01,40.85,44068820.0,40.685,148124
2024-05-07,40.89,41.91,40.03,40.24,46632728.0,41.157,166809
2024-05-08,40.63,40.63,38.71,40.0,48538059.0,39.763,177903
2024-05-09,39.86,40.94,39.31,40.27,35384705.0,40.0,118880
2024-05-10,40.16,42.24,40.08,40.84,42448702.0,41.159,147748
2024-05-13,41.29,42.07,41.07,41.24,27208059.0,41.58,97027
2024-05-14,41.3,43.48,40.23,43.41,37636936.0,42.401,129831
2024-05-15,43.33,47.27,43.12,47.25,51874670.0,45.546,178812
2024-05-16,47.15,48.04,45.77,45.95,41100896.0,47.185,152473
2024-05-17,46.1,47.38,44.33,45.75,36659667.0,45.909,126547
2024-05-20,46.0,49.3,45.79,48.55,50073170.0,47.933,184646
2024-05-21,48.41,48.73,46.41,48.0,32303419.0,47.505,115343
2024-05-22,48.31,51.9,47.85,51.58,49412395.0,49.434,177314
2024-05-23,52.05,53.56,47.55,48.68,72876180.0,50.357,295956
2024-05-24,48.79,52.08,48.48,51.67,44114933.0,51.15,164962
2024-05-28,52.65,54.89,51.75,54.04,44709755.0,53.578,174283
2024-05-29,52.97,53.38,49.7,49.75,37111324.0,51.361,151224
2024-05-30,49.7,51.34,48.64,48.67,33656019.0,50.313,137881
2024-05-31,48.95,51.02,44.38,48.58,63897324.0,47.051,238903
2024-06-03,49.61,50.93,46.12,48.85,47321763.0,48.323,171353
2024-06-04,48.18,48.65,46.43,47.8,41683826.0,47.308,158766
2024-06-05,48.02,53.99,47.92,53.83,59918057.0,51.903,230232
2024-06-06,54.02,54.78,51.23,52.1,38310098.0,52.546,163919
2024-06-07,52.95,53.45,50.81,51.7,44654265.0,51.973,197252
2024-06-10,51.73,54.58,50.42,53.81,38954477.0,53.302,150953
2024-06-11,53.91,54.48,51.7,54.24,33541837.0,53.222,135059
2024-06-12,54.5,60.86,53.9,60.59,64477321.0,58.468,263484
2024-06-13,60.86,61.65,58.3,60.14,39906843.0,60.222,162764
2024-06-14,60.21,60.73,58.35,59.9,34321162.0,59.473,135589
2024-06-17,60.41,63.15,58.95,63.01,47832968.0,61.225,205067
2024-06-18,63.28,66.19,62.91,65.28,41031825.0,64.974,160924
2024-06-20,67.61,68.0,58.79,60.19,51970670.0,62.379,223494
2024-06-21,60.15,61.27,56.03,58.36,43807197.0,58.275,167189
2024-06-24,58.3,58.83,52.82,53.28,46378752.0,55.103,178202
2024-06-25,53.27,56.04,52.35,55.93,39406190.0,54.253,144236
2024-06-26,56.7,57.23,52.67,53.45,35893245.0,54.488,141155
2024-06-27,53.8,55.58,52.82,54.49,31400828.0,54.08,118525
2024-06-28,54.6,58.59,54.08,55.55,49364012.0,56.242,191223
2024-07-01,55.8,56.34,52.25,55.4,37898952.0,54.177,143666
2024-07-02,54.2,57.88,53.64,57.75,39772135.0,56.166,147378
2024-07-03,57.88,61.52,57.18,60.39,36082153.0,59.47,120014
2024-07-05,61.0,62.38,59.79,60.48,33531748.0,61.08,126055
2024-07-08,60.6,65.0,60.29,64.99,37943721.0,63.602,147703
2024-07-09,65.2,66.15,62.42,64.38,36942557.0,64.254,142593
2024-07-10,64.66,69.0,64.27,68.22,41993722.0,67.26,164247
2024-07-11,68.39,70.62,60.96,61.51,64825460.0,64.549,258387
2024-07-12,61.28,67.3,60.89,64.94,45519433.0,64.961,165309
2024-07-15,65.23,66.76,63.05,64.82,42668255.0,64.874,164047
2024-07-16,64.07,65.65,62.23,65.19,35173210.0,64.182,142997
2024-07-17,61.98,64.63,51.22,53.17,85949213.0,55.444,320527
2024-07-18,54.54,55.8,49.12,52.49,83201085.0,51.398,287684
2024-07-19,50.48,52.87,46.75,47.34,66881749.0,48.607,243249
2024-07-22,48.17,53.0,47.14,51.83,66056016.0,50.82,226875
2024-07-23,51.18,52.27,48.85,49.1,44122361.0,50.87,158668
2024-07-24,48.84,49.68,42.25,44.06,80856786.0,45.151,278771
2024-07-25,42.5,43.7,37.39,40.09,128514173.0,40.753,439158
2024-07-26,41.68,43.0,40.71,41.84,75736656.0,41.763,235955
2024-07-29,42.96,45.0,41.1,41.11,72730050.0,42.931,247971
2024-07-30,41.92,42.67,36.15,39.87,98024173.0,38.855,316514
2024-07-31,41.01,46.34,39.6,46.25,86952934.0,43.005,299160
2024-08-01,45.21,45.92,33.42,34.32,145952181.0,37.407,504540
2024-08-02,32.57,33.5,28.14,29.86,177717521.0,29.77,577077
2024-08-05,25.0,30.15,21.58,30.04,196710124.0,26.928,680282
2024-08-06,30.5,32.35,26.87,27.04,124643493.0,29.169,386754
2024-08-07,29.0,31.94,25.37,25.4,130009010.0,28.94,410471
2024-08-08,26.12,32.1,25.5,32.02,137071706.0,29.747,433399
2024-08-09,32.0,32.87,29.58,31.06,87427637.0,30.906,281290
2024-08-12,31.55,32.59,30.23,31.29,81548894.0,31.461,247760
2024-08-13,32.25,35.5,31.32,35.48,95477301.0,33.988,267647
2024-08-14,35.5,36.64,33.27,34.8,102376713.0,34.883,304338
2024-08-15,35.4,40.47,34.94,39.86,98411227.0,38.866,303287
2024-08-16,40.71,41.2,38.07,39.58,75034451.0,39.352,249553
2024-08-19,39.6,41.75,37.89,41.23,71109678.0,39.706,221984
2024-08-20,41.75,42.19,39.1,39.46,77301515.0,40.394,247698
2024-08-21,40.0,42.36,39.67,41.87,77521220.0,41.206,244656
2024-08-22,41.95,42.88,37.11,38.16,98939043.0,39.612,319884
2024-08-23,38.61,41.21,38.47,40.36,80267144.0,39.951,232168
2024-08-26,40.4,40.75,36.91,37.47,79735708.0,38.115,248436
2024-08-27,37.88,38.97,35.52,37.84,68856247.0,37.708,201649
2024-08-28,38.36,39.05,32.8,33.43,93344122.0,36.48,304392
2024-08-29,35.02,38.93,34.33,36.83,89919896.0,37.571,291591
2024-08-30,37.33,39.22,36.83,38.72,79404923.0,38.143,250154
2024-09-03,38.85,39.08,29.4,29.82,128627388.0,32.282,390063
2024-09-04,29.49,31.69,28.53,30.31,101518290.0,30.322,283754
2024-09-05,30.7,31.21,28.83,28.97,93220450.0,29.942,283780
2024-09-06,28.46,29.67,25.5,25.83,143592160.0,26.746,431093
2024-09-09,27.0,27.79,26.15,27.79,78993666.0,27.057,208513
2024-09-10,27.4,28.39,26.24,28.26,76371652.0,27.311,223433
2024-09-11,28.3,32.42,27.08,31.9,133665397.0,29.648,395329
2024-09-12,32.2,32.79,30.35,31.95,91467205.0,31.746,295358
2024-09-13,32.08,33.72,31.85,33.33,72281156.0,33.169,208443
2024-09-16,33.25,33.67,30.83,32.07,73265685.0,31.715,226699
2024-09-17,32.5,33.56,31.36,32.16,80457416.0,32.528,237830
2024-09-18,32.3,34.0,31.02,31.94,103501021.0,32.362,340041
2024-09-19,33.3,36.44,32.75,35.2,114370643.0,35.164,340139
2024-09-20,34.92,35.22,32.04,33.45,100097429.0,33.189,312356
2024-09-23,33.9,34.53,33.0,33.72,55306796.0,33.73,173524
2024-09-24,34.31,35.7,33.58,35.35,77477695.0,34.911,230571
2024-09-25,34.77,37.95,34.13,37.83,67927902.0,35.766,199610
2024-09-26,39.0,40.51,36.71,38.98,125887303.0,38.982,404786
2024-09-27,38.9,40.36,37.1,37.47,78072623.0,38.317,248926
2024-09-30,37.0,37.69,35.05,36.45,67706410.0,36.219,208380
2024-10-01,36.65,37.27,32.74,33.03,114296054.0,34.016,352297
2024-10-02,33.3,36.05,32.78,35.55,76049507.0,35.026,200514
2024-10-03,34.5,36.61,33.21,35.25,80553560.0,35.198,239848
2024-10-04,35.4,37.68,35.02,36.55,92971777.0,36.446,288881
2024-10-07,36.48,37.24,35.39,36.24,67657884.0,36.387,210395
2024-10-08,36.41,37.84,35.66,37.39,59178842.0,36.966,182377
2024-10-09,37.1,38.76,36.53,38.52,59666388.0,37.916,179802
2024-10-10,38.2,38.64,36.36,37.71,70996180.0,37.55,211629
2024-10-11,37.71,39.05,36.86,38.44,53738059.0,38.431,161638
2024-10-14,38.92,41.06,38.3,41.03,63278660.0,40.389,194506
2024-10-15,40.67,41.19,33.63,34.89,119728147.0,36.533,398101
2024-10-16,34.5,35.82,33.96,34.52,64955245.0,34.747,188954
2024-10-17,36.3,37.81,34.07,35.56,89775323.0,36.457,273762
2024-10-18,35.67,36.38,34.85,35.21,52469426.0,35.483,155460
2024-10-21,35.25,35.4,33.73,35.18,54812576.0,34.573,159948
2024-10-22,34.68,35.13,33.84,34.88,47481312.0,34.403,154785
2024-10-23,34.75,34.9,32.29,34.33,76467363.0,33.709,231204
2024-10-24,34.9,35.35,33.53,34.22,56035094.0,34.216,173501
2024-10-25,34.77,36.87,34.34,35.19,76679818.0,36.077,251736
2024-10-28,36.23,36.54,34.75,35.5,47972907.0,35.644,141505
2024-10-29,35.65,38.45,34.94,36.67,67048907.0,36.923,193009
2024-10-30,36.86,36.86,33.49,33.51,81521891.0,34.735,238792
2024-10-31,32.5,33.56,29.23,30.61,125844770.0,30.313,328315
2024-11-01,30.64,31.83,30.38,31.06,75713376.0,31.18,183537
2024-11-04,31.16,31.67,30.01,30.14,56345990.0,30.854,161089
2024-11-05,30.55,31.59,30.05,31.47,59580688.0,31.084,158788
2024-11-06,33.5,34.91,31.9,34.21,89556986.0,33.547,271928
2024-11-07,34.74,36.45,34.56,36.44,71366227.0,35.986,211622
2024-11-08,36.65,36.78,34.55,35.4,57565370.0,35.358,178124
2024-11-11,35.99,36.0,31.48,32.61,91431324.0,32.578,237318
2024-11-12,32.7,32.77,30.38,31.29,70470926.0,31.511,170907
2024-11-13,31.58,31.77,29.47,29.82,84301686.0,30.108,249639
2024-11-14,29.85,30.84,28.89,28.95,63610357.0,29.995,184698
2024-11-15,28.55,29.05,26.43,27.06,104443282.0,27.179,273673
2024-11-18,27.55,27.98,26.17,27.9,66095519.0,27.253,150975
2024-11-19,27.92,28.32,26.68,28.0,53228001.0,27.558,140601
2024-11-20,27.98,28.11,26.0,26.51,84827469.0,26.664,212741
2024-11-21,26.61,28.92,25.96,28.29,98476120.0,27.931,265481
2024-11-22,28.53,28.69,27.74,28.55,49400741.0,28.281,143123
2024-11-25,29.02,30.1,28.74,28.83,65735448.0,29.418,172609
2024-11-26,29.13,30.29,27.46,28.05,68802029.0,28.44,169339
2024-11-27,27.9,28.21,25.58,27.13,78325770.0,26.496,183681
2024-11-29,27.68,29.05,27.26,28.07,50866382.0,28.318,118357
2024-12-02,28.0,30.8,27.43,30.34,84318609.0,29.947,194680
2024-12-03,30.51,30.66,29.4,30.42,51848968.0,29.833,142863
2024-12-04,30.77,31.61,30.24,30.62,63440305.0,30.894,155058
2024-12-05,30.8,31.0,28.88,29.06,55232422.0,29.644,137697
2024-12-06,29.27,29.86,28.9,29.51,46315434.0,29.512,117835
2024-12-09,29.86,30.32,28.61,29.23,51244687.0,29.464,145798
2024-12-10,28.99,29.53,26.56,27.22,71928846.0,27.615,169965
2024-12-11,27.8,29.63,27.16,29.06,72569490.0,28.686,166157
2024-12-12,29.15,29.98,27.74,29.98,56028110.0,28.362,139331
2024-12-13,29.72,31.31,29.48,30.54,97406148.0,30.494,237066
2024-12-16,30.9,32.95,30.39,32.37,79972169.0,32.072,210129
2024-12-17,32.12,32.68,30.55,31.1,60223235.0,31.178,177494
2024-12-18,31.48,32.48,26.01,27.54,95739201.0,30.093,271886
2024-12-19,27.72,28.81,26.01,26.02,80250258.0,26.939,217559
2024-12-20,25.39,28.37,24.57,27.87,101556205.0,27.083,272708
2024-12-23,28.01,29.76,27.44,29.66,74500281.0,28.998,190255
2024-12-24,29.85,30.63,29.59,30.36,36932795.0,30.196,93328
2024-12-26,30.1,31.1,29.47,30.32,41972151.0,30.536,118949
2024-12-27,29.95,30.41,28.59,29.65,54989513.0,29.375,149297
2024-12-30,29.57,29.69,27.32,27.78,60366123.0,28.062,157363
2024-12-31,27.57,28.75,26.93,27.27,57282990.0,27.635,138694
2025-01-02,27.75,29.05,27.03,27.98,75913318.0,27.977,211516
2025-01-03,28.02,30.12,27.92,29.78,67420655.0,29.272,165945
2025-01-06,30.63,33.63,30.05,32.87,84616994.0,32.923,247337
2025-01-07,32.67,33.73,30.6,31.53,72887894.0,32.248,228270
2025-01-08,31.58,31.82,29.17,29.92,63420688.0,30.071,182313
2025-01-10,29.66,30.07,27.44,28.02,79060001.0,28.127,212709
2025-01-13,26.96,28.45,26.01,28.36,63193075.0,27.074,170444
2025-01-14,28.74,29.04,27.18,28.34,74410704.0,28.032,189449
2025-01-15,28.12,30.46,28.09,30.3,64801820.0,29.928,156029
2025-01-16,31.9,32.12,29.8,30.02,73264643.0,30.926,190472
2025-01-17,30.66,32.7,30.16,32.44,62223195.0,32.108,152309
2025-01-21,33.15,34.53,32.5,34.42,55788707.0,33.606,148569
2025-01-22,34.5,36.15,34.3,34.51,52816535.0,35.498,148386
2025-01-23,33.86,35.03,33.01,34.37,41011520.0,33.905,118999
2025-01-24,34.49,34.94,32.31,32.57,55598607.0,33.352,143698
2025-01-27,28.6,30.34,23.84,25.6,179064297.0,26.08,495238
2025-01-28,26.13,26.57,23.75,25.42,95447801.0,24.925,233365
2025-01-29,26.83,26.95,24.85,26.26,87349977.0,25.658,225702
2025-01-30,26.79,27.67,26.14,27.41,81181809.0,26.86,195844
2025-01-31,27.48,29.25,26.6,26.68,95550507.0,28.035,237271
2025-02-03,25.21,26.5,24.06,26.42,96886679.0,25.525,260563
2025-02-04,25.8,27.2,24.6,25.99,56400802.0,26.075,133004
2025-02-05,25.94,28.0,25.54,27.38,65999638.0,26.99,161147
2025-02-06,27.32,27.93,26.72,27.73,55942923.0,27.269,133983
2025-02-07,27.78,28.28,25.8,26.01,81810370.0,26.611,207583
2025-02-10,26.85,27.55,26.57,27.28,50144918.0,27.25,115062
2025-02-11,26.9,27.9,26.57,27.63,40798542.0,27.459,100273
2025-02-12,27.49,27.89,25.95,27.59,53455835.0,26.853,139521
2025-02-13,27.39,28.55,27.02,28.26,57253494.0,28.121,147560
2025-02-14,28.3,28.82,28.04,28.6,40132954.0,28.46,100269
2025-02-18,29.08,30.23,28.71,30.0,55453081.0,29.653,138885
2025-02-19,30.05,31.89,29.67,31.33,54119919.0,30.941,134317
2025-02-20,30.98,32.64,30.7,31.68,47278282.0,31.506,129113
2025-02-21,31.69,32.03,28.4,28.81,57505144.0,29.719,143656
2025-02-24,29.18,29.39,26.66,26.95,59175734.0,27.841,138532
2025-02-25,26.27,27.05,24.82,25.6,83568429.0,25.596,224366
2025-02-26,25.85,27.1,25.52,26.09,71224572.0,26.275,169534
2025-02-27,26.81,27.31,21.73,22.13,136207330.0,24.024,335585
2025-02-28,22.14,23.22,21.02,22.83,105071083.0,22.174,226198
2025-03-03,22.75,23.88,19.71,20.61,133753602.0,21.604,277931
2025-03-04,20.7,22.27,19.0,21.31,146146647.0,20.419,300335
2025-03-05,21.62,22.16,20.12,21.3,111831187.0,21.207,247194
2025-03-06,20.72,21.4,19.01,19.83,156858531.0,19.801,309154
2025-03-07,19.99,21.09,18.75,20.73,133965855.0,19.925,238223
2025-03-10,20.08,20.63,17.03,17.27,161100070.0,18.387,303676
2025-03-11,17.92,18.75,16.51,17.57,155146548.0,17.495,257339
2025-03-12,17.72,19.11,17.4,18.69,131131697.0,18.525,239075
2025-03-13,17.9,19.27,17.4,18.42,112337251.0,18.391,209387
2025-03-14,18.68,19.93,18.55,19.82,95068925.0,19.515,165053
2025-03-17,19.5,21.28,19.3,20.87,79577708.0,20.477,150387
2025-03-18,20.58,20.85,19.52,19.88,75404780.0,19.974,146206
2025-03-19,20.0,21.37,19.46,20.68,79857619.0,20.325,143065
2025-03-20,20.68,20.92,19.58,19.88,76769712.0,20.041,142359
2025-03-21,19.78,19.97,18.37,19.33,80270844.0,19.006,148675
2025-03-24,19.72,21.37,19.64,21.0,86949998.0,20.949,146421
2025-03-25,20.82,21.05,20.35,20.57,54670212.0,20.643,99326
2025-03-26,20.58,20.58,18.2,18.36,90185423.0,19.05,156179
2025-03-27,18.82,18.82,17.36,17.64,98571802.0,17.837,157633
2025-03-28,17.4,17.7,15.74,15.83,131569785.0,16.4,209312
2025-03-31,15.3,15.98,14.4,15.61,107375517.0,15.158,183739
2025-04-01,15.67,16.17,14.82,16.03,102785460.0,15.519,154538
2025-04-02,15.68,17.18,14.07,14.13,134844311.0,15.874,208317
2025-04-03,14.57,14.81,11.26,11.63,289007461.0,12.44,464347
2025-04-04,11.3,11.65,8.17,8.65,476684729.0,9.259,780034
2025-04-07,7.19,10.98,6.89,9.62,706349791.0,8.92,1013830
2025-04-08,9.85,10.84,7.6,7.84,475363109.0,9.59,651053
2025-04-09,8.86,13.11,7.45,12.43,768795736.0,10.509,1095312
2025-04-10,11.7,12.44,8.35,9.3,663966630.0,9.771,839442
2025-04-11,9.94,10.39,8.91,10.25,399469555.0,9.725,550522
2025-04-14,11.1,11.25,9.97,10.17,347090613.0,10.631,462708
2025-04-15,10.63,11.02,9.55,9.66,223055259.0,10.598,264109
2025-04-16,9.25,9.95,8.33,9.3,346489049.0,9.21,489295
2025-04-17,9.84,9.96,8.9,9.31,227332739.0,9.245,282047
2025-04-21,8.7,8.94,8.15,8.72,244536429.0,8.422,301384
2025-04-22,8.95,9.9,8.76,9.89,242010302.0,9.166,251062
2025-04-23,9.93,10.9,9.75,10.46,348967060.0,10.506,412294
2025-04-24,10.13,12.41,9.98,12.32,330542953.0,11.543,386946
2025-04-25,12.16,12.59,11.43,12.36,266102279.0,12.026,322980
2025-04-28,12.13,12.53,11.45,12.07,198193592.0,11.961,229028
2025-04-29,12.31,12.33,11.62,11.69,178421714.0,11.963,212685
2025-04-30,11.75,12.42,10.75,12.4,221273090.0,11.484,287751
2025-05-01,12.55,12.81,11.86,11.91,197881833.0,12.434,237964
2025-05-02,12.38,13.69,12.25,13.36,217260119.0,13.246,263856
2025-05-05,13.05,13.41,12.83,12.99,123613198.0,13.12,154266
2025-05-06,12.76,13.08,12.12,13.04,153176793.0,12.576,186091
2025-05-07,12.92,13.4,12.23,13.15,185798282.0,12.772,221400
2025-05-08,13.73,14.34,13.38,13.78,197261073.0,13.878,239762
2025-05-09,14.03,14.47,13.74,14.06,144529915.0,14.092,185388
2025-05-12,16.36,17.47,15.33,17.12,252785121.0,16.928,370437
2025-05-13,16.91,18.87,16.67,18.82,205123909.0,18.23,276184
2025-05-14,18.86,19.37,18.43,18.61,172216754.0,18.817,251599
2025-05-15,18.0,18.91,17.78,18.32,136014748.0,18.317,196571
2025-05-16,18.37,18.7,16.7,17.25,108307127.0,18.135,176561
2025-05-19,17.25,18.21,16.66,18.15,118533712.0,17.632,194012
2025-05-20,17.75,18.05,17.44,17.87,81232518.0,17.737,121499
2025-05-21,17.75,18.59,16.65,16.9,144589061.0,17.599,212609
2025-05-22,17.16,17.43,16.47,16.57,139655614.0,16.89,212824
2025-05-23,16.61,16.66,14.88,15.56,172433176.0,15.508,281409
2025-05-27,16.82,17.51,16.25,17.46,130303371.0,17.087,191661
2025-05-28,17.32,18.31,16.86,18.31,122453466.0,17.353,180587
2025-05-29,18.51,18.66,16.81,16.82,175881490.0,17.462,242212
2025-05-30,17.0,17.28,15.24,16.06,186896588.0,16.127,272339
2025-06-02,15.64,17.1,15.51,16.92,100306079.0,16.565,143406
2025-06-03,16.65,18.39,16.49,18.22,152673228.0,17.808,214577
2025-06-04,18.51,19.26,18.22,19.04,140773648.0,18.92,223884
2025-06-05,19.43,19.99,18.25,18.49,182480144.0,19.274,308995
2025-06-06,19.01,19.95,18.74,19.38,110261891.0,19.488,181337
2025-06-09,19.42,21.06,19.14,20.78,156376813.0,20.521,234757
2025-06-10,20.55,22.1,20.34,21.98,137687137.0,21.494,220788
2025-06-11,21.88,22.77,20.99,21.35,154420555.0,21.9,277506
2025-06-12,21.19,22.07,20.74,21.5,96663209.0,21.641,160777
2025-06-13,20.6,21.06,19.84,20.11,160734905.0,20.423,267832
2025-06-16,20.57,22.22,20.17,21.53,116816459.0,21.664,196333
2025-06-17,21.62,22.53,21.04,21.27,117560297.0,21.853,203131
2025-06-18,21.73,22.38,21.23,21.62,110069941.0,21.847,193188
2025-06-20,21.61,22.33,20.37,21.18,131836045.0,21.308,241953
2025-06-23,21.22,22.36,20.28,22.29,119797309.0,21.38,230970
2025-06-24,22.56,24.22,22.22,24.2,130749328.0,23.503,224011
2025-06-25,24.48,25.07,23.87,24.64,103184715.0,24.303,192263
2025-06-26,25.14,25.44,24.59,25.33,88635290.0,25.098,165519
2025-06-27,25.59,25.84,24.28,24.99,108777461.0,25.214,200355
2025-06-30,25.6,25.77,24.68,24.97,74585660.0,25.083,144715
2025-07-01,24.82,25.21,23.58,24.88,102493210.0,24.562,200878
2025-07-02,24.91,26.39,24.01,26.19,102368464.0,25.645,195169
2025-07-03,26.46,26.72,26.1,26.29,59780957.0,26.462,117929
2025-07-07,26.0,26.05,24.62,25.03,88412852.0,25.363,190826
2025-07-08,25.42,27.02,25.21,26.58,85896087.0,26.294,177332
2025-07-09,26.58,27.41,25.89,26.63,82522355.0,26.652,174080
2025-07-10,26.62,27.73,26.35,27.57,83205290.0,27.34,172588
2025-07-11,27.04,27.54,26.55,27.11,67816507.0,27.114,140044
2025-07-14,26.93,26.94,25.32,26.5,93852815.0,26.197,200546
2025-07-15,27.59,28.46,26.93,27.12,102388080.0,27.762,230936
2025-07-16,26.49,27.47,24.91,26.75,116433117.0,26.091,291754
2025-07-17,27.56,27.85,26.42,27.39,79887442.0,27.168,187871
2025-07-18,27.43,27.9,26.75,27.3,64795293.0,27.334,145399
2025-07-21,27.45,28.5,27.0,27.19,75320023.0,27.944,174313
2025-07-22,26.97,27.28,24.77,25.53,110246498.0,26.15,268143
2025-07-23,25.34,26.39,24.84,26.37,98341152.0,25.418,236031
2025-07-24,26.06,26.32,24.95,25.59,73596607.0,25.521,154248
2025-07-25,25.35,25.81,24.83,25.63,64728100.0,25.331,125766
2025-07-28,26.4,27.1,26.22,27.09,81742359.0,26.798,162620
2025-07-29,27.5,28.16,26.5,27.24,96046586.0,27.445,214274
2025-07-30,27.47,28.13,26.93,27.43,91560915.0,27.688,214121
2025-07-31,27.71,27.76,24.2,24.52,124857669.0,25.766,288212
2025-08-01,24.39,24.87,22.56,23.82,125078999.0,23.726,268803
2025-08-04,24.56,25.32,24.24,25.27,80682341.0,24.883,159012
2025-08-05,25.5,25.68,23.61,23.89,94294695.0,24.643,218239
2025-08-06,24.3,24.5,22.95,24.46,97177404.0,23.644,205922
2025-08-07,24.67,25.88,24.47,25.16,110873730.0,25.192,244595
2025-08-08,25.11,25.83,24.9,25.81,68112144.0,25.576,137701
2025-08-11,25.52,26.89,25.2,25.69,70451722.0,26.281,152410
2025-08-12,25.74,28.08,25.48,27.95,116898289.0,27.235,246031
2025-08-13,28.36,29.33,28.05,29.33,83967451.0,28.911,194601
2025-08-14,29.15,29.66,27.92,28.54,79553454.0,28.722,178078
2025-08-15,28.8,28.91,27.07,27.32,87718769.0,27.627,205695
2025-08-18,27.49,27.74,26.93,27.59,47269878.0,27.41,107319
2025-08-19,27.53,27.86,26.0,26.01,70714078.0,26.834,160557
2025-08-20,25.92,26.31,23.66,25.86,110290199.0,24.899,256602
2025-08-21,25.85,25.97,24.9,25.38,64077887.0,25.375,145783
2025-08-22,25.2,28.32,24.65,27.71,109067768.0,27.473,255439
2025-08-25,27.44,27.75,26.81,27.26,51115977.0,27.323,111419
2025-08-26,27.05,28.22,26.83,28.08,53864842.0,27.928,112626
2025-08-27,28.01,28.23,27.0,27.49,57883026.0,27.83,120127
2025-08-28,27.95,29.11,27.57,28.18,69518725.0,28.517,161718
2025-08-29,27.91,27.99,25.67,26.1,100390041.0,26.357,230786
